Timestamp,drone_x,drone_y,drone_z
0.0,1.5998059155832876,3.7818679434174405e-05,-0.8959830241245192
0.02083333333333333,1.5997157182646415,0.00014659322453750955,-0.8915153828639377
0.04166666666666666,1.599802484668635,0.00026005095221139925,-0.8866376336809336
0.0625,1.6001323700006047,0.0003884472182849493,-0.8811835677285516
0.08333333333333331,1.6006664305949978,0.0005096868485677538,-0.8750433883389774
0.10416666666666669,1.601339266157207,0.0006167112964538101,-0.8682047428011315
0.125,1.6020996206557354,0.0007801359064109907,-0.8608781743002571
0.14583333333333334,1.602803335454728,0.0009944515733699764,-0.8530236860839746
0.16666666666666663,1.6034190064289457,0.0012260892491227308,-0.8445292061075331
0.1875,1.6038913338898606,0.0014764536792598545,-0.8352282292126174
0.20833333333333331,1.604094502476035,0.0017249736170227455,-0.8249508828274574
0.22916666666666663,1.6040360453362545,0.0019509933503261544,-0.8136153745458385
0.25,1.6037401976741201,0.0021929507874707747,-0.8011846223073837
0.27083333333333326,1.603251546830671,0.0024915140012804968,-0.7876446834874764
0.2916666666666667,1.6025651285498883,0.0028234324303127406,-0.7730108917825251
0.3125,1.6016773692724808,0.003156217467923775,-0.7573193038990398
0.33333333333333326,1.6006598385923843,0.00352501018270217,-0.7406102604851668
0.3541666666666667,1.5996053592580528,0.003975374679887483,-0.7229264895861796
0.375,1.598545847324127,0.004484938414608494,-0.7043190034982312
0.39583333333333326,1.5974935950566453,0.005019267081041331,-0.6848374791278691
0.41666666666666663,1.596496585751219,0.005587746908003126,-0.6645255155230998
0.4375,1.5955930337101647,0.006185383669206372,-0.6434298431120158
0.45833333333333326,1.5947592924697864,0.006759885601666866,-0.6215935939041934
0.47916666666666663,1.5939655763655458,0.007272430642378329,-0.5990580391483664
0.5,1.593246755522238,0.007748536044933331,-0.5758659769826255
0.5208333333333334,1.59264990904225,0.008225189690203258,-0.5520593701658429
0.5416666666666665,1.5921667429593283,0.008680788049694483,-0.5276743372428185
0.5625,1.5917834421706198,0.009086036520530591,-0.502751820714092
0.5833333333333334,1.5915327927897445,0.009464928333534637,-0.4773343553577256
0.6041666666666665,1.5914430755717426,0.009843691084968222,-0.4514505374099571
0.625,1.5914919584070217,0.010187431924537749,-0.42512360275364647
0.6458333333333334,1.5916507269375566,0.01045216853851348,-0.39838460235821915
0.6666666666666665,1.5919386009847336,0.010646590837188635,-0.3712605634264665
0.6875,1.5923753274816954,0.010783448593088447,-0.34377328758243375
0.7083333333333334,1.5929294730044083,0.010825603833495193,-0.3159402739013546
0.7291666666666665,1.593564457235567,0.010735100188031726,-0.28778317198036496
0.75,1.5942940354215223,0.01052887082472148,-0.25932075915434827
0.7708333333333333,1.5951336817728623,0.010230698223092794,-0.23057043979559944
0.7916666666666665,1.5960377705550475,0.009834686175444678,-0.20195438276737643
0.8125,1.596954389250523,0.009343444333722249,-0.17400482361911562
0.8333333333333333,1.5978856401254078,0.008790545675245382,-0.14703274498416774
0.8541666666666665,1.5988419035891972,0.008216484044094613,-0.12120461416095751
0.875,1.5998123469178847,0.007624227479837395,-0.09658921152184674
0.8958333333333333,1.6007660889927118,0.007009189769867926,-0.07321552233869966
0.9166666666666665,1.6016859993650114,0.006395566054825326,-0.05108430325576063
0.9375,1.6025683675551332,0.005812685045063135,-0.03016550078338809
0.9583333333333331,1.6033896758815505,0.0052609030069705135,-0.010414917419713898
0.9791666666666665,1.6041213864548125,0.004732666057131585,0.008216448457834646
1.0,1.604764886067012,0.0042496721418198045,0.025775909958069665
1.0208333333333333,1.605325805472277,0.0038356682163469017,0.042311492415211704
1.0416666666666667,1.6057845022576858,0.0034788275613738305,0.05788560115316721
1.0625,1.6061152270843744,0.0031631660064420333,0.072546166659885
1.0833333333333333,1.6063235380523135,0.0029046831369188286,0.08632822137575569
1.1041666666666667,1.6064344977041554,0.0027312486920479224,0.09930007900375393
1.125,1.6064376775401683,0.002632779699438052,0.11151389119235211
1.1458333333333333,1.606314663163604,0.0025902968593994927,0.12300510743138737
1.1666666666666667,1.6060836913869698,0.002612097752508396,0.13381231570411978
1.1875,1.6057776859298754,0.002704487821465804,0.14398057682449772
1.2083333333333333,1.6053949023560987,0.0028377788380656286,0.15355390729996632
1.2291666666666667,1.6049271709796553,0.0029799179933981314,0.16257087327382713
1.25,1.6044048283430612,0.003138617931076182,0.171063562724179
1.2708333333333333,1.603864480289052,0.0033290562155662,0.17905825489590255
1.2916666666666667,1.6033021884822034,0.003528134280836205,0.1865779750006613
1.3125,1.602709851492151,0.003708694939225095,0.1936482459828437
1.3333333333333333,1.6021228371391694,0.0038867833813700935,0.20029574672441153
1.3541666666666667,1.6015846583277642,0.00408547562316515,0.20654184825632016
1.375,1.60109837374996,0.004285856599258371,0.21240923653854904
1.3958333333333333,1.600660119858444,0.004460820140478554,0.2179274909292146
1.4166666666666667,1.6002918086376274,0.004623701015314305,0.22312364737619061
1.4375,1.6000014885629033,0.004795073851891221,0.22801693675619017
1.4583333333333333,1.5997662975516544,0.0049506347562792595,0.23262684738059947
1.4791666666666667,1.599576649453029,0.005057687801872589,0.23696890770947499
1.5,1.5994481595559171,0.005126336501372776,0.24105273527320592
1.5208333333333333,1.5993803260418582,0.005172908591662436,0.24489016918087936
1.5416666666666667,1.5993582576889418,0.005168380826333583,0.24849509988132268
1.5625,1.599394943485298,0.005075184892236907,0.251881974351267
1.5833333333333333,1.5995029959119593,0.004896482417698113,0.2550653488928234
1.6041666666666667,1.5996479331366695,0.004648808325743915,0.25805952169636903
1.625,1.5997877137187724,0.004321616006452471,0.2608772881725758
1.6458333333333333,1.5999246165609493,0.003909788272769833,0.26352984799660994
1.6666666666666667,1.6000672906432745,0.003454101332852331,0.2660267170527586
1.6875,1.6001896417544534,0.0030002969634227673,0.268376667232185
1.7083333333333333,1.6002703615961147,0.0025482088327806814,0.27058533672940666
1.7291666666666667,1.6003334457797056,0.002087462334975619,0.2726652348339602
1.75,1.600407648238514,0.0016513543096060238,0.2746284706179809
1.7708333333333333,1.6004730033011816,0.0012790699254144888,0.2764815775694054
1.7916666666666667,1.600500050914709,0.0009604813835651637,0.2782289074160802
1.8125,1.600504537099564,0.0006758045833978582,0.27987565668078584
1.8333333333333328,1.6005082404202475,0.00045013301969156784,0.28142688015524553
1.8541666666666667,1.6004848842333763,0.0003136798354987472,0.2828859175786991
1.875,1.6003997064126052,0.0002463788517092314,0.284256649211851
1.8958333333333328,1.6002645831335502,0.00021829957749519417,0.2855443085567799
1.9166666666666667,1.6000984379669583,0.0002443903219849884,0.286750846800661
1.9375,1.5998874655746282,0.0003459235404264749,0.287881960442407
1.9583333333333328,1.5996277883244745,0.0004952218863943232,0.2889452330467319
1.9791666666666667,1.5993564126396669,0.0006554661154754308,0.28994692996953053
2.0,1.599105290219874,0.0008343641518021651,0.290891002287307
2.020833333333333,1.5988540305533074,0.001043049317772948,0.2917809764463557
2.0416666666666665,1.5985725262977044,0.0012398852625438049,0.2926200089008486
2.0625,1.5982763751390419,0.001370534298532985,0.2934106984309921
2.083333333333333,1.5979864317202386,0.0014259216820024204,0.2941521769727715
2.1041666666666665,1.5976861091887795,0.001431934286669346,0.2948501098383107
2.125,1.5973637634101687,0.0014003219078912255,0.2955072207815246
2.145833333333333,1.5970560762579475,0.00131372802234323,0.2961259846441766
2.1666666666666665,1.5968054171567978,0.0011722272224969784,0.29670712190341253
2.1875,1.596605604883113,0.0009957324205688775,0.29725393935724664
2.208333333333333,1.59644241154533,0.0007773390059864105,0.29776866585822304
2.2291666666666665,1.5963456455671134,0.0005017969613481078,0.2982511892853017
2.25,1.5963470854236834,0.0001989011260699188,0.2987021526185232
2.270833333333333,1.596426806054948,-9.836855803564999e-05,0.2991237832501388
2.2916666666666665,1.5965538833644701,-0.0004109249494977289,0.2995185012196697
2.3125,1.5967429516677845,-0.000771786877334051,0.29988766337933037
2.333333333333333,1.5970149481489126,-0.001169954104944252,0.30023423033174534
2.3541666666666665,1.5973426932973993,-0.0015881769904990538,0.3005584959329006
2.375,1.597687898946388,-0.002033917631191809,0.3008640569480383
2.395833333333333,1.598057623034341,-0.0024945496421035903,0.30115325555948114
2.4166666666666665,1.5984628628372761,-0.0029489797378949114,0.301425783990791
2.4375,1.598862143043271,-0.0034074817422499537,0.3016842821281198
2.458333333333333,1.5992029123116678,-0.0038751400403770207,0.3019296158480218
2.4791666666666665,1.5994805829760106,-0.004311111244701424,0.30216026904436677
2.5,1.5997093703988912,-0.004671203105568818,0.3023774625311051
2.520833333333333,1.599870837435617,-0.004962535858285466,0.3025827361777418
2.5416666666666665,1.5999407388828433,-0.0052041697265709855,0.3027756868553819
2.5625,1.5999426971688426,-0.005370542367896425,0.3029560093369694
2.583333333333333,1.5999073326926267,-0.00543272629163139,0.303122976071871
2.6041666666666665,1.5998159381951325,-0.005414073738639812,0.30327685974687935
2.625,1.5996419400858273,-0.005348466588354915,0.3034194015170415
2.645833333333333,1.5994062060775391,-0.005224323884241029,0.30355413656862984
2.6666666666666665,1.5991351691597682,-0.005026674186863624,0.3036790975324515
2.6875,1.5988127340203357,-0.004792221224113191,0.303797315463179
2.708333333333333,1.5984236694699225,-0.004567922653681696,0.30391256836594027
2.7291666666666665,1.5979997534283572,-0.004355264906366652,0.30402454112344635
2.75,1.597576657814665,-0.0041463845350268565,0.3041318747102262
2.770833333333333,1.5971387347435535,-0.003962158486621825,0.30423490136380815
2.7916666666666665,1.5966606546200632,-0.003812918838097964,0.304331882457451
2.8125,1.5961630651244836,-0.003674790671017904,0.3044242169349154
2.833333333333333,1.5956725300664671,-0.0035350549904218397,0.3045084712025514
2.8541666666666665,1.5951752894585551,-0.0034201568626907475,0.30458697206466456
2.875,1.5946622885914634,-0.0033485443774076704,0.3046631578618426
2.895833333333333,1.594171079760507,-0.003290375784499434,0.3047370888396781
2.9166666666666665,1.5937438425159538,-0.003210134979100735,0.30480713854548314
2.9375,1.59337138108462,-0.00312423616102585,0.3048727598780958
2.958333333333333,1.5930336375652119,-0.0030587879706259,0.3049342774124666
2.9791666666666665,1.5927557467350004,-0.002992362008463508,0.3049918754284109
3.0,1.5925684149265507,-0.002898654246883383,0.305041871575203
3.020833333333333,1.5924531881687787,-0.0028022918918490848,0.3050878027354915
3.0416666666666665,1.5923830689410687,-0.002737298994014487,0.3051454675643759
3.0625,1.5923775624401815,-0.0026899636739854647,0.30525318186505546
3.083333333333333,1.5924620678626955,-0.002640123889120615,0.30547269139268374
3.1041666666666665,1.5926101304059832,-0.002619478178017902,0.30588046032563887
3.125,1.592785075595443,-0.0026699118090755323,0.30655890392294705
3.145833333333333,1.5930037579990917,-0.0027819790513887287,0.30759268468823264
3.1666666666666665,1.593326905211213,-0.002935889196406816,0.30906915209108554
3.1875,1.5938056157577183,-0.003146465387217057,0.3110744107344221
3.208333333333333,1.5944750589867671,-0.003414175409753717,0.3136905125562306
3.2291666666666665,1.5954128027046173,-0.00369617527368088,0.31699941155606304
3.25,1.5967044672425692,-0.003965069841597378,0.32107607216537715
3.270833333333333,1.598381950412127,-0.004255687820103118,0.3259934087174463
3.2916666666666665,1.6004784373983447,-0.0046073463523826075,0.3318211065513186
3.3125,1.6030922127322944,-0.004995613177829892,0.3386272750849977
3.333333333333333,1.6063306211877615,-0.005389404930820916,0.3464738454974583
3.3541666666666665,1.6102703675565095,-0.005819408306001328,0.3554209033667102
3.375,1.615023820111808,-0.006317205752781031,0.3655226845242454
3.395833333333333,1.62070604518597,-0.0068404886056238155,0.37682675090513995
3.4166666666666665,1.627398755974633,-0.007332700100440891,0.3893821134581925
3.4375,1.6352175623735157,-0.007807588672154254,0.40323061230274293
3.458333333333333,1.6442778397937492,-0.00828408630880835,0.41840748822242335
3.4791666666666665,1.654654123128104,-0.008702080099402893,0.4349541267560002
3.5,1.666451568435468,-0.008989085839712706,0.4529041766789199
3.520833333333333,1.6797766405632877,-0.009150379997430803,0.4722869932158711
3.5416666666666665,1.694691878081526,-0.009203933341292872,0.4931397977265697
3.5625,1.7112851641989184,-0.009093344166717816,0.5154893810619501
3.583333333333333,1.7296558816023424,-0.008759579835107239,0.5393574613758785
3.6041666666666665,1.7498481938259325,-0.008229699720590851,0.5647846763814639
3.625,1.7719050841623147,-0.007545642330190554,0.591809181830405
3.6458333333333326,1.7959383987041309,-0.0066681085671686235,0.620431974875657
3.6666666666666665,1.8220489865734413,-0.005552383545444321,0.6506149399911085
3.6875,1.8502257387863965,-0.0042472386486851615,0.682300053812434
3.7083333333333326,1.8804176177753926,-0.0028206121155631013,0.7153905788184229
3.7291666666666665,1.9126284358743377,-0.001260884949579036,0.7497334629464334
3.75,1.9468570063776973,0.00045049744173281553,0.7851628077302466
3.7708333333333326,1.9830196411059262,0.0022493672621685767,0.8215447346948186
3.7916666666666665,2.021010434756753,0.00405558107226604,0.8587463499963135
3.8125,2.060763405479593,0.005859089866315277,0.8966147622923923
3.8333333333333326,2.102196174767037,0.007656662941416592,0.9350082508367799
3.8541666666666665,2.145162039282167,0.009373375017342778,0.9738208466877747
3.875,2.189504472908271,0.01092049291961861,1.012951541504169
3.8958333333333326,2.2351203843319833,0.012270332466526639,1.0522762485170798
3.9166666666666665,2.2819133102774334,0.013416472860425544,1.0916699096624372
3.9375,2.3297404412472784,0.014334192318938182,1.131052756252963
3.9583333333333326,2.3784214010634237,0.015020547585717468,1.1703641384062842
3.9791666666666665,2.4277878102820787,0.015497664425944708,1.209541315027628
4.0,2.4776858438621083,0.015761650773158206,1.2485149207059607
4.020833333333333,2.5279285932784603,0.015799737134814435,1.2872245446334027
4.041666666666666,2.5783301748066365,0.01564018329366028,1.3256138555161991
4.0625,2.628756790660022,0.015314754024250444,1.3636110599824647
4.083333333333333,2.679089950260275,0.01481034503485338,1.4011420316456638
4.104166666666666,2.7291744572987837,0.014105661374479411,1.4381473249538181
4.125,2.7788314407555514,0.013218292620454,1.4745822801278108
4.145833333333333,2.8278990545214544,0.012193630137305123,1.5104028288543037
4.166666666666666,2.8762297611582914,0.011063051326105085,1.5455549086946159
4.1875,2.9236542167523063,0.00984390872838317,1.5799857213657351
4.208333333333333,2.970013971083895,0.008566945091627854,1.6136449424391233
4.229166666666666,3.015196903673769,0.007251274663931102,1.6464791465980573
4.25,3.0591015446157184,0.0059116758231569835,1.6784339886828044
4.270833333333333,3.1015925434576026,0.004597677612364752,1.709456897852555
4.291666666666666,3.142534650249728,0.0033595660958342715,1.7394951451731748
4.3125,3.181827634464163,0.002206742795076909,1.7685022687639413
4.333333333333333,3.2193726910700193,0.0011419428860021958,1.7964297950448473
4.354166666666666,3.2550442695729296,0.00020381934111673815,1.8232244658081
4.375,3.288725306324979,-0.0005669794908115105,1.84883688180003
4.395833333333333,3.320341260456023,-0.0011714549146601835,1.8732337028832788
4.416666666666666,3.34982989595911,-0.0016190208515821415,1.8963841664284085
4.4375,3.3771095350250357,-0.0018859416149553064,1.918254999579614
4.458333333333333,3.4021129002032664,-0.0019497107215230053,1.9388274325743364
4.479166666666666,3.424810325034269,-0.001830341098710524,1.9581114445533647
4.5,3.4451782202440886,-0.0015565770706017239,1.9761264147912387
4.520833333333333,3.4631604456925746,-0.0011195704016955476,1.9928772744282888
4.541666666666666,3.4786914836081997,-0.0005076043195246976,2.008380186788301
4.5625,3.4917323493348187,0.00024602173338799185,2.0226993317374227
4.583333333333333,3.502277415222825,0.001099998231913919,2.0359469768169225
4.604166666666666,3.51033234153132,0.002057492206075017,2.048250401478774
4.625,3.515906074399788,0.00312530194842493,2.059748223732785
4.645833333333333,3.519047954267573,0.004255612597608852,2.0706246000513566
4.666666666666666,3.519828371118731,0.005384981312816961,2.081070731209599
4.6875,3.5183143843245412,0.00649843640842458,2.091260066768715
4.708333333333333,3.5146090201202087,0.0075868269827236365,2.1013790376532606
4.729166666666666,3.508862176244093,0.008579502409855198,2.111637008104135
4.75,3.5012415786898905,0.009391972178843112,2.1221872068104295
4.770833333333333,3.491918863168677,0.010002772126184912,2.133092576905077
4.791666666666666,3.481102911242079,0.01041556189700762,2.1443644592141515
4.8125,3.4690138443741225,0.010614442460700382,2.155981019119979
4.833333333333333,3.455821742061359,0.01061204318776302,2.167865381206968
4.854166666666666,3.4416816316132666,0.010459113945042366,2.179928378198518
4.875,3.426788555265364,0.010187423014957316,2.192099316734657
4.895833333333333,3.4113336789065056,0.009774663675644195,2.204306859298697
4.916666666666666,3.39544512294654,0.00919280952154192,2.216466563544622
4.9375,3.379187277837513,0.00846202423781152,2.228501229741216
4.958333333333333,3.3626013414834737,0.007614771581935707,2.240362250666804
4.979166666666666,3.3457186544935,0.006658358103443793,2.2520284391548895
5.0,3.328518796313193,0.005610897908780889,2.263486636273517
5.020833333333333,3.310965024491796,0.004524901480330141,2.274732508195852
5.041666666666666,3.2930401817376773,0.0034440781040830973,2.285770369868997
5.0625,3.2747085801236606,0.0023656465174084784,2.296603223760627
5.083333333333333,3.255883965388531,0.0012809478102885686,2.3072318983440363
5.104166666666666,3.236470894364931,0.00022692447834926795,2.3176565561209586
5.125,3.216389755926228,-0.0007515182924802924,2.327881557595581
5.145833333333333,3.195535814950789,-0.0016537169001661068,2.3379065336757288
5.166666666666666,3.1737941102384566,-0.002482657926629611,2.347723303180148
5.1875,3.1510813183867503,-0.00319777300589664,2.357320573447069
5.208333333333333,3.1273136086669604,-0.003757609754089442,2.3666709263130423
5.229166666666666,3.102382372184818,-0.0041676042070592665,2.375733130038059
5.25,3.0762013060391116,-0.0044399201764709125,2.3844555659120195
5.270833333333333,3.0487300649074403,-0.004561941034666684,2.392798639318232
5.291666666666666,3.019948340366385,-0.00454216884018353,2.4007239061692074
5.3125,2.9898398355124254,-0.004421100555503108,2.4081942949404533
5.333333333333333,2.958421877796412,-0.004224408663881174,2.4151829978695245
5.354166666666666,2.925737139092189,-0.003929277197495144,2.4216727057178566
5.375,2.8918276151313265,-0.003505881645110036,2.4276502213594062
5.395833333333333,2.8567440881323956,-0.0029688331012049504,2.433127194585002
5.416666666666666,2.820574239127011,-0.0023417581896500485,2.4381337742030365
5.4375,2.783411227209381,-0.001630706813814167,2.4427066989657185
5.458333333333333,2.7453462185758344,-0.0008677230504655201,2.446884340835373
5.479166666666666,2.70650912138857,-9.278775106486688e-05,2.450715994476587
5.5,2.6670380306232424,0.0006945127951594749,2.4542468422645474
5.520833333333333,2.627066876735602,0.0015016172168760612,2.4575169962525605
5.541666666666666,2.586764264185562,0.002293203024490175,2.4605753480361976
5.5625,2.5463020903740796,0.003026293188657133,2.4634589232979547
5.583333333333333,2.5058267566234784,0.003702686980520788,2.4661940921856402
5.604166666666666,2.4655051140424624,0.004332573757733646,2.468807576289759
5.625,2.425527901432658,0.004883746514560335,2.4713359677113207
5.645833333333333,2.3860650860616732,0.0053174454906328135,2.4738047099150595
5.666666666666666,2.347270834360434,0.005645276970845385,2.4762275569452754
5.6875,2.309341719865868,0.0058934899168068475,2.4786160011896454
5.708333333333333,2.272470623870052,0.006044788115163181,2.480973771238693
5.729166666666666,2.236782875657231,0.006075128174878791,2.4832950177352675
5.75,2.2023813443574474,0.006011275106675288,2.485566269503056
5.770833333333333,2.1694072510302953,0.0058905555456688335,2.487760041661142
5.791666666666666,2.137995481560527,0.0057044433129132275,2.4898332694855014
5.8125,2.108214729440855,0.005437703955923599,2.491740208809934
5.833333333333333,2.0801120048854496,0.0051086034885147605,2.493443101184395
5.854166666666666,2.053755539913101,0.004725617935658488,2.494904349436248
5.875,2.029189904130049,0.004295666088133591,2.496092568216702
5.895833333333333,2.0064115406416585,0.003867857472050461,2.4970086939029175
5.916666666666666,1.9854068723767024,0.003487923942174155,2.4976820961731603
5.9375,1.966150411727354,0.003149786282823481,2.498128714027265
5.958333333333333,1.948577687604334,0.002840679964648956,2.498374749460469
5.979166666666666,1.9326052329414614,0.0025997713586914527,2.498411625326325
6.0,1.9181587685398578,0.0024728435511018744,2.498199246012632
6.020833333333333,1.9051370081502208,0.002450815271168867,2.497700539316612
6.041666666666666,1.8934208863442181,0.002512253805600817,2.4968544667135326
6.0625,1.8829254502257249,0.002672992652522436,2.495642715635374
6.083333333333333,1.873550374449751,0.002938965950972668,2.49411024401192
6.104166666666666,1.8651506445032882,0.0032624047173549814,2.4923262768731993
6.125,1.8575825210546966,0.0035880754768691995,2.4903569918330115
6.145833333333333,1.8507251976378971,0.0039063315137008595,2.4882257958228617
6.166666666666666,1.8444403036602401,0.00421425393129572,2.4859329122194467
6.1875,1.8385471851886819,0.00447251718608683,2.483487890723045
6.208333333333333,1.8328629657160374,0.00464888565251621,2.480870428204356
6.229166666666666,1.8272518612474429,0.004757102871616507,2.478014570558776
6.25,1.8215898680411842,0.004816380661635711,2.4748518701877122
6.270833333333333,1.8157191645937982,0.004796696582741274,2.4713409089445744
6.291666666666666,1.8094819738602406,0.0046566415039961135,2.4674457151236666
6.3125,1.802767038838566,0.0043967370324427485,2.463128802773359
6.333333333333333,1.79549252513456,0.004059897453584255,2.4583570980350027
6.354166666666666,1.787576330675086,0.0036793465959022342,2.4530917887268036
6.375,1.7789537095972174,0.0032433975034941356,2.447274992325158
6.395833333333333,1.7696188227968492,0.0027349273001662793,2.4408421134119056
6.416666666666666,1.7595868001335795,0.0021723212156571224,2.433719615195508
6.4375,1.7488670659826635,0.0015836255493722588,2.4258364525696345
6.458333333333333,1.737489403954006,0.000967235172563674,2.417118573683042
6.479166666666666,1.725512238052156,0.00031464317311572686,2.407494379671628
6.5,1.712988432467396,-0.00035080836554158846,2.39689001881007
6.520833333333333,1.6999652686116933,-0.0010025969153846489,2.3852318494301485
6.541666666666666,1.6865162417137414,-0.0016455143204762359,2.3724560957632823
6.5625,1.6727170652848498,-0.002289428424975729,2.358500194853802
6.583333333333333,1.6586281697992151,-0.0029144569791153788,2.3433093677562162
6.604166666666666,1.6443231656541606,-0.0034963564644002634,2.3268287660546303
6.625,1.6298855223885267,-0.004036788152416529,2.309003923457354
6.645833333333333,1.6153859665515409,-0.004541521372479196,2.2897845793844205
6.666666666666666,1.6008914648374872,-0.004990642573039488,2.2691180842031606
6.6875,1.5864909136911254,-0.00535791902854238,2.2469613609887986
6.708333333333333,1.5722757263512699,-0.005640111923988942,2.223302192632141
6.729166666666666,1.5583193435892715,-0.005845958560632718,2.198173514099082
6.75,1.54470109056479,-0.005971412405806588,2.1716531793712077
6.770833333333333,1.5315346323561312,-0.0060082407858667855,2.14385410336382
6.791666666666666,1.5189470365040803,-0.005965651910772656,2.114919159007947
6.8125,1.5070422836747341,-0.005850245008610293,2.085000249475426
6.833333333333333,1.4959190202402077,-0.005663643271289586,2.0542498212435323
6.854166666666666,1.485692011112658,-0.00543079880380658,2.0228244951113066
6.875,1.4764558466260906,-0.0051708806654501005,1.9908755001443563
6.895833333333333,1.4682728069596263,-0.004859663184126194,1.9585504566936034
6.916666666666666,1.4612090045787782,-0.00446324861780246,1.925990705553297
6.9375,1.455329972616152,-0.003991837804819768,1.8933284990226278
6.958333333333333,1.4506525877049532,-0.0034666790371770725,1.860702997060024
6.979166666666666,1.4471786931139385,-0.0028681934222655166,1.8282489197478526
7.0,1.444933196019619,-0.0021798935545698475,1.7960891904875405
7.020833333333333,1.4439246206834015,-0.0014427160243190376,1.764350433117732
7.041666666666666,1.4441081081342504,-0.0007137088472555514,1.7331896053886757
7.0625,1.4453928510500955,1.1471519159294072e-05,1.702747955151344
7.083333333333333,1.4476893748473614,0.0007502605648582565,1.6731105551296326
7.104166666666666,1.4509429852404223,0.001458568768966269,1.6444094713380875
7.125,1.4550126484246095,0.0020545161831244945,1.6167419172480815
7.145833333333333,1.4597234465397586,0.002503008194444594,1.5901788341163872
7.166666666666666,1.464958328610746,0.0028337233646543313,1.564820457389554
7.1875,1.4706576064705628,0.003077443437795761,1.5407322953162732
7.208333333333333,1.4767187243642632,0.0031901362298519895,1.5179243532791495
7.229166666666667,1.4829962828889958,0.003103821142128215,1.4963619017760685
7.25,1.4893903531825015,0.002805518856542168,1.4760245923810558
7.270833333333333,1.4958161839944975,0.0023451656910914937,1.4568597398929597
7.291666666666667,1.5021702019007201,0.0017514473777004852,1.438798755334035
7.3125,1.508414557450992,0.0010239185763037868,1.4217755499840707
7.333333333333333,1.5145231833070925,0.00020417254470558136,1.4057485277902015
7.354166666666667,1.520397311556328,-0.0006687381557210776,1.3906826621190056
7.375,1.5259182535978733,-0.0016135512418595092,1.3765075011265593
7.395833333333333,1.5310233229732515,-0.002654416895774484,1.3631653476260037
7.416666666666667,1.535713263501069,-0.0037556722695102794,1.3506107450029277
7.4375,1.5399917003539232,-0.00487511322384593,1.338792673821622
7.458333333333333,1.5438042839859356,-0.006018650433719923,1.327665372055524
7.479166666666667,1.5470956659629012,-0.007186045473583129,1.3171873875228
7.5,1.5498610432467737,-0.008327691484035634,1.307317039773176
7.520833333333333,1.552141276370204,-0.009397431424419029,1.298029047130574
7.541666666666667,1.553968944054185,-0.010423982891692775,1.289293516692412
7.5625,1.5553434275999327,-0.011466767341212067,1.2810695423382954
7.583333333333333,1.556281868517691,-0.012543597580003923,1.2733287995456808
7.604166666666667,1.556850484691279,-0.013627812883115764,1.266049267915528
7.625,1.5571052823325324,-0.014680606707747727,1.2591998840746188
7.645833333333333,1.5570467711690823,-0.01569802004373802,1.2527556324552032
7.666666666666667,1.5566847467604557,-0.016677490626744975,1.2467003333275246
7.6875,1.556069810120924,-0.017589023374464555,1.2410013354893998
7.708333333333333,1.555256887882097,-0.018412914486162085,1.2356394363000864
7.729166666666667,1.5542686348010772,-0.019161676171944607,1.2306025080948493
7.75,1.5531465649607126,-0.0198262315023624,1.2258887827420113
7.770833333333333,1.5519436409726064,-0.020379678160198655,1.2215159453760405
7.791666666666667,1.550672331592065,-0.020844342553353205,1.2174126965703735
7.8125,1.5493397151917476,-0.021263423344205657,1.213575442984092
7.833333333333333,1.5479730317784834,-0.02167192056829009,1.209970436165608
7.854166666666667,1.5466244384028878,-0.02208456413979479,1.206555092121828
7.875,1.545323607889533,-0.02248363793156876,1.2033208269191145
7.895833333333333,1.544080278070838,-0.02284509213537164,1.2002641121317843
7.916666666666667,1.542933889563029,-0.02317537589809801,1.1973859757811647
7.9375,1.541920688123377,-0.02346845940781124,1.194670365433536
7.958333333333333,1.5410278502038166,-0.023683076930055856,1.192110689208363
7.979166666666667,1.5402241070296512,-0.023792909458439673,1.1897048590856543
8.0,1.5395168275406699,-0.023826536839434448,1.1874451845845588
8.020833333333334,1.538941191352344,-0.023813546701789527,1.185322042295928
8.041666666666666,1.5385044739669136,-0.023748533490231125,1.183321305337136
8.0625,1.5381877698106179,-0.02362107496175945,1.1814252365674613
8.083333333333334,1.537994277724186,-0.023438262396386956,1.1796195219991443
8.104166666666666,1.537940534531182,-0.0232048835020447,1.1779077318275448
8.125,1.5380151136588311,-0.022898332298644714,1.1762978986509152
8.145833333333334,1.5381846747160133,-0.022511433215856344,1.17477878180934
8.166666666666666,1.538454181133832,-0.022064347381254346,1.1733432548563203
8.1875,1.5388287029965828,-0.02155455535914977,1.171984938942104
8.208333333333334,1.5392837494194465,-0.020982949260674576,1.1706994410004066
8.229166666666666,1.5398105843561165,-0.02037328279517168,1.1694868257767077
8.25,1.5404208644533093,-0.019732969314132105,1.168343635738119
8.270833333333334,1.5411008729475026,-0.01905984810945132,1.1672639281677493
8.291666666666666,1.541819625900922,-0.018372164336030485,1.1662487551256209
8.3125,1.542580923866258,-0.01768206766346008,1.1652906924503805
8.333333333333334,1.543385948079652,-0.016974468699385722,1.164381079617691
8.354166666666666,1.5442044334003227,-0.01624632008495471,1.1635170942230453
8.375,1.5450212977945008,-0.015523815948033716,1.1626965534708174
8.395833333333334,1.5458510817104507,-0.014812475868289552,1.1619192186368326
8.416666666666666,1.5466917023384388,-0.014106964117843462,1.161181102013033
8.4375,1.5475227204117525,-0.013423871892216296,1.160484278241616
8.458333333333334,1.5483564912585561,-0.01277304727608939,1.1598274881732686
8.479166666666666,1.5492047894531977,-0.012134216629616208,1.1592074254370444
8.5,1.5500264989441719,-0.01150018759310108,1.158625569822916
8.520833333333334,1.55076786573493,-0.01089590997220224,1.1580829346739827
8.541666666666666,1.5514190535476302,-0.010333180777643697,1.1575744458772637
8.5625,1.5520050885971473,-0.009799236667199288,1.1570989781651917
8.583333333333334,1.552539578035715,-0.009300635679249129,1.156654386628998
8.604166666666666,1.5530078140460981,-0.008859711314724484,1.1562383566342238
8.625,1.5534147994325413,-0.008460761342201343,1.1558500653572576
8.645833333333334,1.5537773666365546,-0.008090801299517381,1.1554852308231183
8.666666666666666,1.5540833064588113,-0.007770813814075638,1.1551445920764551
8.6875,1.554318929253123,-0.007506376168725541,1.154826862778885
8.708333333333334,1.554512332544078,-0.007277913639831667,1.1545303239846654
8.729166666666666,1.5546918784926582,-0.007086952974285779,1.1542548355029745
8.75,1.5548328427355493,-0.006953007252747399,1.1539976262648264
8.770833333333334,1.5548976664849017,-0.006862352474376707,1.1537558430855175
8.791666666666666,1.5548927965026822,-0.006805298416711334,1.1535250653209717
8.8125,1.5548466085566668,-0.006793690220596537,1.153308311568354
8.833333333333334,1.5547576664236908,-0.006813544047029042,1.1531075361096617
8.854166666666666,1.5546102223069134,-0.006856839762274796,1.152921393634711
8.875,1.5544242284985519,-0.00693587497516174,1.1527491781660444
8.895833333333334,1.5542174308360714,-0.007037847277180429,1.1525888826855109
8.916666666666666,1.5539856222425394,-0.007153894976073537,1.1524411935784065
8.9375,1.5537488319265784,-0.007291032815967099,1.1523072752485082
8.958333333333334,1.5535249819627528,-0.00742766955789912,1.152182585476097
8.979166666666666,1.5533044014984971,-0.0075510339002663055,1.1520651015485577
9.0,1.5530988057111055,-0.007678641044887522,1.151956138636683
9.020833333333332,1.5529249705417245,-0.007809368168021321,1.1518509201620597
9.041666666666666,1.5527708832512745,-0.00792651362626825,1.1517467158545551
9.0625,1.5526312095814847,-0.008039322205606918,1.151651071305005
9.083333333333332,1.552538787461949,-0.00817399602965744,1.1515631165930824
9.104166666666666,1.5525221158491502,-0.00832611630851131,1.1514790879437629
9.125,1.5525511672477958,-0.008477524167672872,1.151399642260013
9.145833333333332,1.5525785789604922,-0.0086364539011577,1.151326296192664
9.166666666666666,1.5525994063332695,-0.008820306602237548,1.151257258734615
9.1875,1.552642797570301,-0.0090125051018688,1.151191307525864
9.208333333333332,1.552723236552553,-0.009200461655727767,1.1511258277567504
9.229166666666666,1.5528198725801172,-0.009391214085099225,1.1510634288479678
9.25,1.5529239622777251,-0.00956364962641262,1.1510040866000166
9.270833333333332,1.5530624103591955,-0.009701263724946776,1.1509446205677205
9.291666666666666,1.5532527614336487,-0.009821362604523584,1.1508865121804595
9.3125,1.5534617457592947,-0.009928665374062739,1.150831679520875
9.333333333333332,1.5536477668651414,-0.009997796653472292,1.1507805881935342
9.354166666666666,1.553809898038938,-0.010017278566810032,1.150728662996692
9.375,1.553967226363044,-0.010009890488053452,1.1506783652082946
9.395833333333332,1.5541098111160403,-0.009984813698895584,1.1506321695369313
9.416666666666666,1.5542152147456225,-0.009916704594304751,1.1505892279940502
9.4375,1.5542999875756427,-0.009791453808371462,1.1505459658981405
9.458333333333332,1.5543810807357956,-0.009639647354689918,1.150496468546519
9.479166666666666,1.5544435225759055,-0.009491724601889216,1.1504491302906124
9.5,1.554485608088307,-0.009340519759589598,1.1504049426481704
9.520833333333332,1.5545374461661883,-0.00917995447681697,1.150362202363038
9.541666666666666,1.5546142836617651,-0.009024413449260879,1.150321282819337
9.5625,1.5546970521576182,-0.008862697094939738,1.1502830497080117
9.583333333333332,1.554779085931055,-0.00868625546566246,1.1502448653340271
9.604166666666666,1.5548904372740133,-0.00851307804148455,1.150208400472416
9.625,1.5550535689801388,-0.008341701574265337,1.1501737234499967
9.645833333333332,1.5552365439883542,-0.008158626730244265,1.1501409882871638
9.666666666666666,1.555394867291499,-0.007980980579822364,1.150113002282996
9.6875,1.5555282064198137,-0.007832501354203249,1.1500874792489506
9.708333333333332,1.5556583489028228,-0.007698150391825672,1.1500635894041908
9.729166666666666,1.5557794297049423,-0.007565109305510721,1.1500401797663866
9.75,1.555877972964239,-0.007452017286191206,1.1500201429713164
9.770833333333332,1.5559845392038887,-0.007362443187846445,1.1500028171048322
9.791666666666666,1.556132859052531,-0.007272171774065437,1.1499879254996166
9.8125,1.5563050175407198,-0.0071756463547293925,1.1499770826242541
9.833333333333332,1.5564730686631627,-0.007086272434350354,1.1499719129688517
9.854166666666666,1.5566529046003341,-0.006986484174108668,1.1499707217843926
9.875,1.556864190408479,-0.006861441399106244,1.1499689078841724
9.895833333333332,1.5570756987646395,-0.00673948425116653,1.1499688390407694
9.916666666666666,1.5572442988427886,-0.006647070242002344,1.1499717342350892
9.9375,1.5573716204774806,-0.00657166338880128,1.1499739865456233
9.958333333333332,1.5574821225745896,-0.006503248110790677,1.1499754164704894
9.979166666666666,1.557571645821996,-0.00645651667722204,1.149978777007376
